id,name,lat,lon
1,Bromley,51.442884323,0.0316390890000662
1,Bromley,51.4404649260001,0.0415260830000648
1,Bromley,51.423211016,0.0633328000000688
1,Bromley,51.431508003,0.0769458780000605
1,Bromley,51.4135979150001,0.109226234000062
1,Bromley,51.4143730340001,0.131190924000066
1,Bromley,51.4079837,0.150436957000068
1,Bromley,51.391961988,0.163993389000041
1,Bromley,51.3916280400001,0.149140558000056
1,Bromley,51.3775060460001,0.154842725000094
1,Bromley,51.3502024650001,0.144220785000073
1,Bromley,51.3436406210001,0.138560439000059
1,Bromley,51.3436138120001,0.120056777000059
1,Bromley,51.3331015210001,0.123284075000072
1,Bromley,51.3291280130001,0.119503275000056
1,Bromley,51.3269074230001,0.106492317000061
1,Bromley,51.315486982,0.0866240840000501
1,Bromley,51.3051185300001,0.084475732000044
1,Bromley,51.2962916910001,0.0927813060000631
1,Bromley,51.2926110640001,0.0874110820000737
1,Bromley,51.288815947,0.0601013280000871
1,Bromley,51.2934391510001,0.0524250810000808
1,Bromley,51.2921408930001,0.0439871010000843
1,Bromley,51.3006327350001,0.0444079800000736
1,Bromley,51.3069852770001,0.0344977850000419
1,Bromley,51.3016190870001,0.0264265880000494
1,Bromley,51.2911473510001,0.0206875710000531
1,Bromley,51.291249679,0.0165958170000522
1,Bromley,51.3098264070001,0.00997688700005028
1,Bromley,51.315605571,0.0119347080000693
1,Bromley,51.3151183150001,0.00816833200008205
1,Bromley,51.3286050720001,0.0038799850000828
1,Bromley,51.3515829780001,-0.00333567999990692
1,Bromley,51.364886088,-0.0221853629999487
1,Bromley,51.378846583,-0.0252106149999349
1,Bromley,51.3764819360001,-0.0353415679999216
1,Bromley,51.387936003,-0.0349129099999459
1,Bromley,51.3943430310001,-0.0519711009999355
1,Bromley,51.3974660140001,-0.0487382449999245
1,Bromley,51.4009380290001,-0.0513799089999338
1,Bromley,51.3985999810001,-0.0589773679999439
1,Bromley,51.4029880420001,-0.0665968089999183
1,Bromley,51.412152028,-0.0711944559999438
1,Bromley,51.4152150340001,-0.0790256589999103
1,Bromley,51.4193052720001,-0.0770668829999295
1,Bromley,51.4200516530001,-0.0766840239999169
1,Bromley,51.4256308020001,-0.0723352359999581
1,Bromley,51.42467193,-0.0632296569999085
1,Bromley,51.421923007,-0.0443744619999507
1,Bromley,51.425198019,-0.0287576639999543
1,Bromley,51.4203969590001,-0.0193462369999224
1,Bromley,51.4159640390001,-0.0202219919999607
1,Bromley,51.4130270310001,-0.00892919199992548
1,Bromley,51.4168820800001,0.00510969000004025
1,Bromley,51.425651933,0.0157251520000727
1,Bromley,51.4284709090001,0.0267423290000579
1,Bromley,51.4218420620001,0.0378071470000805
1,Bromley,51.4328570920001,0.0392982930000585
1,Bromley,51.4315510070001,0.0327878100000589
1,Bromley,51.4359030400001,0.0302595710000446
1,Bromley,51.4351680460001,0.0269974230000685
1,Bromley,51.4411047520001,0.0305091860000744
1,Bromley,51.442884323,0.0316390890000662
2,Richmond upon Thames,51.48772089,-0.228845084999932
2,Richmond upon Thames,51.4718450280001,-0.220141148999915
2,Richmond upon Thames,51.4721010550001,-0.231022172999928
2,Richmond upon Thames,51.4634530230001,-0.231614020999928
2,Richmond upon Thames,51.4647029970001,-0.251325162999933
2,Richmond upon Thames,51.4625260810001,-0.254431905999922
2,Richmond upon Thames,51.454417929,-0.25752401099993
2,Richmond upon Thames,51.442567006,-0.240057921999949
2,Richmond upon Thames,51.436724053,-0.252447088999929
2,Richmond upon Thames,51.4196540200001,-0.285035170999947
2,Richmond upon Thames,51.4284729250001,-0.28911588099993
2,Richmond upon Thames,51.425874988,-0.293303047999927
2,Richmond upon Thames,51.43091207,-0.300033984999914
2,Richmond upon Thames,51.4317119470001,-0.309078984999928
2,Richmond upon Thames,51.4277429810001,-0.312889168999959
2,Richmond upon Thames,51.4209680260001,-0.304454050999936
2,Richmond upon Thames,51.4016819120001,-0.307207877999929
2,Richmond upon Thames,51.393147189,-0.316140760999929
2,Richmond upon Thames,51.3913178400001,-0.326261110999951
2,Richmond upon Thames,51.4024974960001,-0.338951908999945
2,Richmond upon Thames,51.4113631740001,-0.357489543999918
2,Richmond upon Thames,51.407370315,-0.376545196999928
2,Richmond upon Thames,51.409801723,-0.387624897999956
2,Richmond upon Thames,51.4195640290001,-0.385089606999941
2,Richmond upon Thames,51.4218155060001,-0.389799856999957
2,Richmond upon Thames,51.4202229890001,-0.38381899399991
2,Richmond upon Thames,51.428216997,-0.386336922999931
2,Richmond upon Thames,51.4411290210001,-0.365276110999957
2,Richmond upon Thames,51.4419760700001,-0.376670056999956
2,Richmond upon Thames,51.4489210460001,-0.38622412299992
2,Richmond upon Thames,51.4569319820001,-0.371476162999954
2,Richmond upon Thames,51.4562000430001,-0.347131112999932
2,Richmond upon Thames,51.4588179310001,-0.338212933999955
2,Richmond upon Thames,51.454117942,-0.335403905999954
2,Richmond upon Thames,51.4565289910001,-0.325328762999959
2,Richmond upon Thames,51.4704199710001,-0.317052199999921
2,Richmond upon Thames,51.4868369380001,-0.290181138999912
2,Richmond upon Thames,51.4834860440001,-0.277842810999914
2,Richmond upon Thames,51.4716450370001,-0.266476811999951
2,Richmond upon Thames,51.4706260760001,-0.256251249999934
2,Richmond upon Thames,51.4874070070001,-0.241851081999926
2,Richmond upon Thames,51.48772089,-0.228845084999932
3,Hillingdon,51.5502339380001,-0.483800683999959
3,Hillingdon,51.5586880160001,-0.475073616999907
3,Hillingdon,51.5663421400001,-0.483203654999954
3,Hillingdon,51.5746280660001,-0.48247859199995
3,Hillingdon,51.5916456210001,-0.497995959999912
3,Hillingdon,51.6182985090001,-0.493840778999925
3,Hillingdon,51.6215735870001,-0.498607024999956
3,Hillingdon,51.62998651,-0.497713768999915
3,Hillingdon,51.6302732520001,-0.489987822999922
3,Hillingdon,51.6117981830001,-0.455578565999929
3,Hillingdon,51.6195920420001,-0.438949990999959
3,Hillingdon,51.612686647,-0.402492472999938
3,Hillingdon,51.602410622,-0.400997375999907
3,Hillingdon,51.587831898,-0.390455157999952
3,Hillingdon,51.5544434280001,-0.376315061999946
3,Hillingdon,51.547462022,-0.397151981999912
3,Hillingdon,51.542096987,-0.393729933999907
3,Hillingdon,51.539777052,-0.417950065999946
3,Hillingdon,51.533625032,-0.410282963999919
3,Hillingdon,51.528286038,-0.374584846999937
3,Hillingdon,51.5066319760001,-0.391828235999924
3,Hillingdon,51.4991869780001,-0.405331731999922
3,Hillingdon,51.481944055,-0.415296060999935
3,Hillingdon,51.469363941,-0.409618056999932
3,Hillingdon,51.461226991,-0.432029103999923
3,Hillingdon,51.456341954,-0.433492110999907
3,Hillingdon,51.45629504,-0.439910907999945
3,Hillingdon,51.4527540660001,-0.442436817999919
3,Hillingdon,51.455803996,-0.457095748999961
3,Hillingdon,51.467335942,-0.508778196999913
3,Hillingdon,51.4880614560001,-0.497629665999909
3,Hillingdon,51.4933461960001,-0.488891149999915
3,Hillingdon,51.5061410640001,-0.481628030999957
3,Hillingdon,51.5165720540001,-0.490785153999923
3,Hillingdon,51.5285671240001,-0.48742513499991
3,Hillingdon,51.537926472,-0.493944553999938
3,Hillingdon,51.5502339380001,-0.483800683999959
4,Havering,51.625127428,0.197715902000084
4,Havering,51.626474042,0.213873340000077
4,Havering,51.631232346,0.225711430000047
4,Havering,51.6169215680001,0.254421939000053
4,Havering,51.607813234,0.266190701000085
4,Havering,51.6010904020001,0.255636912000057
4,Havering,51.5990654290001,0.271506522000038
4,Havering,51.588520707,0.272916266000038
4,Havering,51.5729524870001,0.28838132900006
4,Havering,51.563787039,0.291918351000049
4,Havering,51.5653055540001,0.314666216000091
4,Havering,51.5573222520001,0.31692643000008
4,Havering,51.5504796060001,0.329447147000053
4,Havering,51.5419781450001,0.335533345000044
4,Havering,51.5395302140001,0.333061503000067
4,Havering,51.5382409650001,0.302351122000061
4,Havering,51.5348032750001,0.299383216000081
4,Havering,51.5316350310001,0.266971130000059
4,Havering,51.517352896,0.265305692000084
4,Havering,51.5173701890001,0.255456848000051
4,Havering,51.5281590970001,0.250587425000049
4,Havering,51.5214401810001,0.242315765000058
4,Havering,51.5182431470001,0.246526795000079
4,Havering,51.5188188390001,0.238797563000048
4,Havering,51.5074492270001,0.243640066000069
4,Havering,51.506045327,0.22821564700007
4,Havering,51.498848147,0.231584092000048
4,Havering,51.4955221710001,0.215773443000046
4,Havering,51.485358186,0.211950121000086
4,Havering,51.485008028,0.18645594700007
4,Havering,51.503139015,0.174223168000083
4,Havering,51.5082480010001,0.159585149000065
4,Havering,51.5265460100001,0.166083368000045
4,Havering,51.536093222,0.174857968000083
4,Havering,51.5518470270001,0.191695315000061
4,Havering,51.5608020780001,0.184262757000056
4,Havering,51.565013052,0.186781668000094
4,Havering,51.5610909870001,0.163494363000041
4,Havering,51.5682610790001,0.148399067000071
4,Havering,51.5886189880001,0.152839246000042
4,Havering,51.5985439940001,0.149777768000092
4,Havering,51.611807028,0.149087253000062
4,Havering,51.623041298,0.139798554000038
4,Havering,51.6209153840001,0.170518680000043
4,Havering,51.6253214700001,0.182856179000055
4,Havering,51.625127428,0.197715902000084
5,Kingston upon Thames,51.3589293970001,-0.28534237599996
5,Kingston upon Thames,51.3427251510001,-0.302325115999906
5,Kingston upon Thames,51.3347252670001,-0.304309036999939
5,Kingston upon Thames,51.32728324,-0.317729762999932
5,Kingston upon Thames,51.325935385,-0.326738212999942
5,Kingston upon Thames,51.34789584,-0.328956933999962
5,Kingston upon Thames,51.359107689,-0.318378434999943
5,Kingston upon Thames,51.3723951710001,-0.315370206999944
5,Kingston upon Thames,51.377862238,-0.305808146999937
5,Kingston upon Thames,51.393147189,-0.316140760999929
5,Kingston upon Thames,51.4016819120001,-0.307207877999929
5,Kingston upon Thames,51.4209680260001,-0.304454050999936
5,Kingston upon Thames,51.4277429810001,-0.312889168999959
5,Kingston upon Thames,51.4317119470001,-0.309078984999928
5,Kingston upon Thames,51.43091207,-0.300033984999914
5,Kingston upon Thames,51.425874988,-0.293303047999927
5,Kingston upon Thames,51.4284729250001,-0.28911588099993
5,Kingston upon Thames,51.4196540200001,-0.285035170999947
5,Kingston upon Thames,51.436724053,-0.252447088999929
5,Kingston upon Thames,51.4320480550001,-0.249496148999924
5,Kingston upon Thames,51.422872,-0.251390099999924
5,Kingston upon Thames,51.4038290760001,-0.243064937999918
5,Kingston upon Thames,51.397127948,-0.24590287299992
5,Kingston upon Thames,51.3887740210001,-0.238102167999955
5,Kingston upon Thames,51.3795109270001,-0.243467773999953
5,Kingston upon Thames,51.3790771160001,-0.259586234999915
5,Kingston upon Thames,51.3617410940001,-0.286571888999958
5,Kingston upon Thames,51.3589293970001,-0.28534237599996
6,Sutton,51.3859839740001,-0.195452331999945
6,Sutton,51.384927051,-0.186861213999919
6,Sutton,51.3928949790001,-0.173270938999906
6,Sutton,51.3874549990001,-0.163693399999943
6,Sutton,51.390362032,-0.132778215999906
6,Sutton,51.3851809800001,-0.127234332999933
6,Sutton,51.3627600670001,-0.119391001999929
6,Sutton,51.358306041,-0.12311447299993
6,Sutton,51.3452240180001,-0.11531877099992
6,Sutton,51.3443420410001,-0.125324930999909
6,Sutton,51.3469050690001,-0.126734563999946
6,Sutton,51.3417349570001,-0.142610314999956
6,Sutton,51.338251948,-0.145952245999922
6,Sutton,51.3301400340001,-0.142471515999944
6,Sutton,51.3282339530001,-0.147734549999939
6,Sutton,51.3259499970001,-0.142857977999938
6,Sutton,51.322995012,-0.143941778999931
6,Sutton,51.320978391,-0.154973969999958
6,Sutton,51.3254775010001,-0.162604199999919
6,Sutton,51.3297129700001,-0.161544789999937
6,Sutton,51.3294951450001,-0.171408043999918
6,Sutton,51.3373241910001,-0.180427694999935
6,Sutton,51.343066278,-0.195806291999929
6,Sutton,51.335013738,-0.211467304999928
6,Sutton,51.329822183,-0.212530714999957
6,Sutton,51.329334454,-0.219377274999943
6,Sutton,51.336016257,-0.228218627999922
6,Sutton,51.342860107,-0.215700085999913
6,Sutton,51.356566044,-0.221185760999958
6,Sutton,51.3654860880001,-0.23162719599992
6,Sutton,51.366321048,-0.243841943999939
6,Sutton,51.3795109270001,-0.243467773999953
6,Sutton,51.3887740210001,-0.238102167999955
6,Sutton,51.3900170310001,-0.233068123999942
6,Sutton,51.3796259470001,-0.21654708199992
6,Sutton,51.3877300520001,-0.208202169999936
6,Sutton,51.3867030370001,-0.201924948999931
6,Sutton,51.3843609840001,-0.198912159999907
6,Sutton,51.3859839740001,-0.195452331999945
7,Hounslow,51.490827886,-0.371273992999932
7,Hounslow,51.498610021,-0.348958012999958
7,Hounslow,51.495531987,-0.340532112999938
7,Hounslow,51.4953964640001,-0.314302082999916
7,Hounslow,51.491496935,-0.310412965999944
7,Hounslow,51.4957011690001,-0.304306529999906
7,Hounslow,51.4944184930001,-0.296057601999962
7,Hounslow,51.4995804790001,-0.296999786999947
7,Hounslow,51.5022860600001,-0.279142040999943
7,Hounslow,51.4936700540001,-0.268430034999938
7,Hounslow,51.4944035540001,-0.253844621999917
7,Hounslow,51.50088974,-0.251492403999919
7,Hounslow,51.4964369960001,-0.247736101999919
7,Hounslow,51.49743592,-0.242887105999955
7,Hounslow,51.4874070070001,-0.241851081999926
7,Hounslow,51.4706260760001,-0.256251249999934
7,Hounslow,51.4716450370001,-0.266476811999951
7,Hounslow,51.4834860440001,-0.277842810999914
7,Hounslow,51.4868369380001,-0.290181138999912
7,Hounslow,51.4704199710001,-0.317052199999921
7,Hounslow,51.4565289910001,-0.325328762999959
7,Hounslow,51.454117942,-0.335403905999954
7,Hounslow,51.4588179310001,-0.338212933999955
7,Hounslow,51.4562000430001,-0.347131112999932
7,Hounslow,51.4569319820001,-0.371476162999954
7,Hounslow,51.4489210460001,-0.38622412299992
7,Hounslow,51.4419760700001,-0.376670056999956
7,Hounslow,51.4411290210001,-0.365276110999957
7,Hounslow,51.428216997,-0.386336922999931
7,Hounslow,51.4202229890001,-0.38381899399991
7,Hounslow,51.4218155060001,-0.389799856999957
7,Hounslow,51.4221491550001,-0.404361644999938
7,Hounslow,51.4318448050001,-0.41752988099995
7,Hounslow,51.428282929,-0.427987028999951
7,Hounslow,51.4301122700001,-0.438438095999913
7,Hounslow,51.4341050520001,-0.438207065999961
7,Hounslow,51.434489828,-0.446171038999921
7,Hounslow,51.4394838170001,-0.444741963999945
7,Hounslow,51.4375939930001,-0.454923759999929
7,Hounslow,51.4485779560001,-0.45591715799992
7,Hounslow,51.448480767,-0.459937854999907
7,Hounslow,51.455803996,-0.457095748999961
7,Hounslow,51.4527540660001,-0.442436817999919
7,Hounslow,51.45629504,-0.439910907999945
7,Hounslow,51.456341954,-0.433492110999907
7,Hounslow,51.461226991,-0.432029103999923
7,Hounslow,51.469363941,-0.409618056999932
7,Hounslow,51.481944055,-0.415296060999935
7,Hounslow,51.4991869780001,-0.405331731999922
7,Hounslow,51.4941800430001,-0.38552793599996
7,Hounslow,51.496124335,-0.376077351999925
7,Hounslow,51.490827886,-0.371273992999932
8,Merton,51.3867030370001,-0.201924948999931
8,Merton,51.3877300520001,-0.208202169999936
8,Merton,51.3796259470001,-0.21654708199992
8,Merton,51.3900170310001,-0.233068123999942
8,Merton,51.3887740210001,-0.238102167999955
8,Merton,51.397127948,-0.24590287299992
8,Merton,51.4038290760001,-0.243064937999918
8,Merton,51.422872,-0.251390099999924
8,Merton,51.4320480550001,-0.249496148999924
8,Merton,51.437664893,-0.229481859999908
8,Merton,51.437350925,-0.210649675999946
8,Merton,51.4409280290001,-0.188487206999923
8,Merton,51.4325190580001,-0.189517745999922
8,Merton,51.432569936,-0.184204632999922
8,Merton,51.4241820300001,-0.180448039999931
8,Merton,51.4195719560001,-0.163494982999907
8,Merton,51.4221490720001,-0.158435986999962
8,Merton,51.4172230170001,-0.142965800999946
8,Merton,51.4187290850001,-0.138805279999929
8,Merton,51.412347072,-0.146455998999954
8,Merton,51.411793978,-0.12620618099993
8,Merton,51.4064060200001,-0.130718073999958
8,Merton,51.3970780610001,-0.122619421999957
8,Merton,51.390362032,-0.132778215999906
8,Merton,51.3874549990001,-0.163693399999943
8,Merton,51.3928949790001,-0.173270938999906
8,Merton,51.384927051,-0.186861213999919
8,Merton,51.3859839740001,-0.195452331999945
8,Merton,51.3843609840001,-0.198912159999907
8,Merton,51.3867030370001,-0.201924948999931
9,Wandsworth,51.4736513730001,-0.133223105999946
9,Wandsworth,51.472394459,-0.134964353999919
9,Wandsworth,51.4653699250001,-0.149629107999942
9,Wandsworth,51.451793954,-0.146145022999917
9,Wandsworth,51.4504499830001,-0.140725237999959
9,Wandsworth,51.4412539850001,-0.142045906999954
9,Wandsworth,51.4414790850001,-0.134401315999924
9,Wandsworth,51.436362892,-0.138462632999961
9,Wandsworth,51.4297720360001,-0.133732686999906
9,Wandsworth,51.429938092,-0.136829155999919
9,Wandsworth,51.4187290850001,-0.138805279999929
9,Wandsworth,51.4172230170001,-0.142965800999946
9,Wandsworth,51.4221490720001,-0.158435986999962
9,Wandsworth,51.4195719560001,-0.163494982999907
9,Wandsworth,51.4241820300001,-0.180448039999931
9,Wandsworth,51.432569936,-0.184204632999922
9,Wandsworth,51.4325190580001,-0.189517745999922
9,Wandsworth,51.4409280290001,-0.188487206999923
9,Wandsworth,51.437350925,-0.210649675999946
9,Wandsworth,51.437664893,-0.229481859999908
9,Wandsworth,51.4320480550001,-0.249496148999924
9,Wandsworth,51.436724053,-0.252447088999929
9,Wandsworth,51.442567006,-0.240057921999949
9,Wandsworth,51.454417929,-0.25752401099993
9,Wandsworth,51.4625260810001,-0.254431905999922
9,Wandsworth,51.4647029970001,-0.251325162999933
9,Wandsworth,51.4634530230001,-0.231614020999928
9,Wandsworth,51.4721010550001,-0.231022172999928
9,Wandsworth,51.4718450280001,-0.220141148999915
9,Wandsworth,51.464466954,-0.204557720999958
9,Wandsworth,51.4637619820001,-0.18881132599995
9,Wandsworth,51.467013024,-0.18129670299993
9,Wandsworth,51.477041065,-0.176217921999921
9,Wandsworth,51.4811730420001,-0.169329259999927
9,Wandsworth,51.4840461110001,-0.148241090999932
9,Wandsworth,51.4853898100001,-0.127959243999953
9,Wandsworth,51.4839649530001,-0.124683823999931
9,Wandsworth,51.4736513730001,-0.133223105999946
10,Croydon,51.4220560580001,-0.104448726999919
10,Croydon,51.4193052720001,-0.0770668829999295
10,Croydon,51.4152150340001,-0.0790256589999103
10,Croydon,51.412152028,-0.0711944559999438
10,Croydon,51.4029880420001,-0.0665968089999183
10,Croydon,51.3985999810001,-0.0589773679999439
10,Croydon,51.4009380290001,-0.0513799089999338
10,Croydon,51.3974660140001,-0.0487382449999245
10,Croydon,51.3943430310001,-0.0519711009999355
10,Croydon,51.387936003,-0.0349129099999459
10,Croydon,51.3764819360001,-0.0353415679999216
10,Croydon,51.378846583,-0.0252106149999349
10,Croydon,51.364886088,-0.0221853629999487
10,Croydon,51.3515829780001,-0.00333567999990692
10,Croydon,51.3286050720001,0.0038799850000828
10,Croydon,51.3333679120001,-0.00715046699991717
10,Croydon,51.3292716490001,-0.0127440079999133
10,Croydon,51.3375680610001,-0.0204719019999402
10,Croydon,51.3381738100001,-0.0363089349999086
10,Croydon,51.3332791400001,-0.0403847739999605
10,Croydon,51.3321081920001,-0.0486792759999162
10,Croydon,51.324713112,-0.0462873579999155
10,Croydon,51.3219158590001,-0.0497264829999153
10,Croydon,51.3180646420001,-0.0625076599999375
10,Croydon,51.3207009120001,-0.0694378449999249
10,Croydon,51.3192424540001,-0.0772918969999523
10,Croydon,51.3153522690001,-0.0831773499999144
10,Croydon,51.310114727,-0.080355218999955
10,Croydon,51.306685793,-0.0872495709999157
10,Croydon,51.300939165,-0.089593086999912
10,Croydon,51.29189992,-0.11325118499991
10,Croydon,51.2865601240001,-0.116203264999911
10,Croydon,51.2862241440001,-0.122721402999957
10,Croydon,51.3002483640001,-0.135742984999922
10,Croydon,51.3007428180001,-0.153749220999941
10,Croydon,51.30972059,-0.152776280999944
10,Croydon,51.3104548480001,-0.156762130999937
10,Croydon,51.319095545,-0.160311633999925
10,Croydon,51.320978391,-0.154973969999958
10,Croydon,51.322995012,-0.143941778999931
10,Croydon,51.3259499970001,-0.142857977999938
10,Croydon,51.3282339530001,-0.147734549999939
10,Croydon,51.3301400340001,-0.142471515999944
10,Croydon,51.338251948,-0.145952245999922
10,Croydon,51.3417349570001,-0.142610314999956
10,Croydon,51.3469050690001,-0.126734563999946
10,Croydon,51.3443420410001,-0.125324930999909
10,Croydon,51.3452240180001,-0.11531877099992
10,Croydon,51.358306041,-0.12311447299993
10,Croydon,51.3627600670001,-0.119391001999929
10,Croydon,51.3851809800001,-0.127234332999933
10,Croydon,51.390362032,-0.132778215999906
10,Croydon,51.3970780610001,-0.122619421999957
10,Croydon,51.4064060200001,-0.130718073999958
10,Croydon,51.411793978,-0.12620618099993
10,Croydon,51.422707974,-0.111107362999917
10,Croydon,51.4220560580001,-0.104448726999919
11,Lambeth,51.472394459,-0.134964353999919
11,Lambeth,51.4736513730001,-0.133223105999946
11,Lambeth,51.4839649530001,-0.124683823999931
11,Lambeth,51.4853898100001,-0.127959243999953
11,Lambeth,51.4907820280001,-0.122334886999909
11,Lambeth,51.505500053,-0.118942098999923
11,Lambeth,51.5092323690001,-0.109851617999936
11,Lambeth,51.5093150880001,-0.107548458999929
11,Lambeth,51.5014980430001,-0.104377906999957
11,Lambeth,51.4959350650001,-0.109835410999949
11,Lambeth,51.4910090440001,-0.101465291999943
11,Lambeth,51.4853349100001,-0.106844542999909
11,Lambeth,51.4803450430001,-0.102432191999924
11,Lambeth,51.479800003,-0.106747008999946
11,Lambeth,51.4763579180001,-0.0983913169999369
11,Lambeth,51.469365006,-0.0943891239999175
11,Lambeth,51.471611931,-0.0914729129999614
11,Lambeth,51.4656419470001,-0.0884706059999303
11,Lambeth,51.451437996,-0.099820306999959
11,Lambeth,51.4289239970001,-0.0867116949999058
11,Lambeth,51.4200516530001,-0.0766840239999169
11,Lambeth,51.4193052720001,-0.0770668829999295
11,Lambeth,51.4220560580001,-0.104448726999919
11,Lambeth,51.422707974,-0.111107362999917
11,Lambeth,51.411793978,-0.12620618099993
11,Lambeth,51.412347072,-0.146455998999954
11,Lambeth,51.4187290850001,-0.138805279999929
11,Lambeth,51.429938092,-0.136829155999919
11,Lambeth,51.4297720360001,-0.133732686999906
11,Lambeth,51.436362892,-0.138462632999961
11,Lambeth,51.4414790850001,-0.134401315999924
11,Lambeth,51.4412539850001,-0.142045906999954
11,Lambeth,51.4504499830001,-0.140725237999959
11,Lambeth,51.451793954,-0.146145022999917
11,Lambeth,51.4653699250001,-0.149629107999942
11,Lambeth,51.472394459,-0.134964353999919
12,Southwark,51.5033033760001,-0.0514058829999158
12,Southwark,51.5079680460001,-0.0417337769999335
12,Southwark,51.5063689550001,-0.030588125999941
12,Southwark,51.4930490300001,-0.0283321399999181
12,Southwark,51.4874549180001,-0.0524017739999181
12,Southwark,51.468696891,-0.0506700159999127
12,Southwark,51.45447203,-0.0400341899999148
12,Southwark,51.449355069,-0.0445391409999161
12,Southwark,51.4498206210001,-0.055949175999956
12,Southwark,51.4472780510001,-0.0602166389999184
12,Southwark,51.437019976,-0.061846596999942
12,Southwark,51.430832013,-0.0719769069999074
12,Southwark,51.4256308020001,-0.0723352359999581
12,Southwark,51.4200516530001,-0.0766840239999169
12,Southwark,51.4289239970001,-0.0867116949999058
12,Southwark,51.451437996,-0.099820306999959
12,Southwark,51.4656419470001,-0.0884706059999303
12,Southwark,51.471611931,-0.0914729129999614
12,Southwark,51.469365006,-0.0943891239999175
12,Southwark,51.4763579180001,-0.0983913169999369
12,Southwark,51.479800003,-0.106747008999946
12,Southwark,51.4803450430001,-0.102432191999924
12,Southwark,51.4853349100001,-0.106844542999909
12,Southwark,51.4910090440001,-0.101465291999943
12,Southwark,51.4959350650001,-0.109835410999949
12,Southwark,51.5014980430001,-0.104377906999957
12,Southwark,51.5093150880001,-0.107548458999929
12,Southwark,51.506336918,-0.0785898799999245
12,Southwark,51.5012000470001,-0.0592910159999178
12,Southwark,51.5033033760001,-0.0514058829999158
13,Lewisham,51.42467193,-0.0632296569999085
13,Lewisham,51.4256308020001,-0.0723352359999581
13,Lewisham,51.430832013,-0.0719769069999074
13,Lewisham,51.437019976,-0.061846596999942
13,Lewisham,51.4472780510001,-0.0602166389999184
13,Lewisham,51.4498206210001,-0.055949175999956
13,Lewisham,51.449355069,-0.0445391409999161
13,Lewisham,51.45447203,-0.0400341899999148
13,Lewisham,51.468696891,-0.0506700159999127
13,Lewisham,51.4874549180001,-0.0524017739999181
13,Lewisham,51.4930490300001,-0.0283321399999181
13,Lewisham,51.486306981,-0.0219001559999583
13,Lewisham,51.4809950700001,-0.0247929729999328
13,Lewisham,51.47976801,-0.0152424599999108
13,Lewisham,51.474566,-0.0213127629999121
13,Lewisham,51.471121113,-0.0175842499999135
13,Lewisham,51.467519038,-0.0134728989999076
13,Lewisham,51.4721219770001,-0.0124592479999137
13,Lewisham,51.473396973,0.0199501560000499
13,Lewisham,51.4725759890001,0.0165313770000921
13,Lewisham,51.4684910560001,0.0179316190000804
13,Lewisham,51.469289969,0.014221009000039
13,Lewisham,51.466317002,0.0148973140000521
13,Lewisham,51.4653570400001,0.0107162080000762
13,Lewisham,51.4585850140001,0.0117142280000735
13,Lewisham,51.4512019860001,0.0211860150000689
13,Lewisham,51.4495130870001,0.016684342000076
13,Lewisham,51.4484379150001,0.0235486380000793
13,Lewisham,51.4421819880001,0.0231830000000741
13,Lewisham,51.4411047520001,0.0305091860000744
13,Lewisham,51.4351680460001,0.0269974230000685
13,Lewisham,51.4359030400001,0.0302595710000446
13,Lewisham,51.4315510070001,0.0327878100000589
13,Lewisham,51.4328570920001,0.0392982930000585
13,Lewisham,51.4218420620001,0.0378071470000805
13,Lewisham,51.4284709090001,0.0267423290000579
13,Lewisham,51.425651933,0.0157251520000727
13,Lewisham,51.4168820800001,0.00510969000004025
13,Lewisham,51.4130270310001,-0.00892919199992548
13,Lewisham,51.4159640390001,-0.0202219919999607
13,Lewisham,51.4203969590001,-0.0193462369999224
13,Lewisham,51.425198019,-0.0287576639999543
13,Lewisham,51.421923007,-0.0443744619999507
13,Lewisham,51.42467193,-0.0632296569999085
14,Greenwich,51.471121113,-0.0175842499999135
14,Greenwich,51.474566,-0.0213127629999121
14,Greenwich,51.47976801,-0.0152424599999108
14,Greenwich,51.4809950700001,-0.0247929729999328
14,Greenwich,51.486306981,-0.0219001559999583
14,Greenwich,51.4840479950001,-0.0115571039999622
14,Greenwich,51.4866289270001,-0.00133469899992633
14,Greenwich,51.490875078,0.00120389200009186
14,Greenwich,51.502324947,-0.00285091599994303
14,Greenwich,51.505940094,0.00209641000009242
14,Greenwich,51.5049970050001,0.00922028000007913
14,Greenwich,51.4954330450001,0.0266499670000826
14,Greenwich,51.496016022,0.0679956680000942
14,Greenwich,51.4988770100001,0.0784560640000791
14,Greenwich,51.5100490310001,0.09148884800004
14,Greenwich,51.5113850130001,0.101338767000072
14,Greenwich,51.51307103,0.119930624000062
14,Greenwich,51.4763050510001,0.125792833000048
14,Greenwich,51.478378939,0.120123442000079
14,Greenwich,51.4725550040001,0.113607597000055
14,Greenwich,51.475489914,0.109928451000087
14,Greenwich,51.474930939,0.0999084070000436
14,Greenwich,51.4681679860001,0.0864568430000645
14,Greenwich,51.4630949370001,0.0842573040000616
14,Greenwich,51.459315056,0.0845052750000832
14,Greenwich,51.458742998,0.0802635540000551
14,Greenwich,51.45593596,0.0873277070000427
14,Greenwich,51.4427250350001,0.0890071910000643
14,Greenwich,51.442766067,0.0844377790000408
14,Greenwich,51.431508003,0.0769458780000605
14,Greenwich,51.423211016,0.0633328000000688
14,Greenwich,51.4404649260001,0.0415260830000648
14,Greenwich,51.442884323,0.0316390890000662
14,Greenwich,51.4411047520001,0.0305091860000744
14,Greenwich,51.4421819880001,0.0231830000000741
14,Greenwich,51.4484379150001,0.0235486380000793
14,Greenwich,51.4495130870001,0.016684342000076
14,Greenwich,51.4512019860001,0.0211860150000689
14,Greenwich,51.4585850140001,0.0117142280000735
14,Greenwich,51.4653570400001,0.0107162080000762
14,Greenwich,51.466317002,0.0148973140000521
14,Greenwich,51.469289969,0.014221009000039
14,Greenwich,51.4684910560001,0.0179316190000804
14,Greenwich,51.4725759890001,0.0165313770000921
14,Greenwich,51.473396973,0.0199501560000499
14,Greenwich,51.4721219770001,-0.0124592479999137
14,Greenwich,51.467519038,-0.0134728989999076
14,Greenwich,51.471121113,-0.0175842499999135
15,Ealing,51.5428209720001,-0.306942359999937
15,Ealing,51.5393531030001,-0.303147634999959
15,Ealing,51.5325609930001,-0.305916028999945
15,Ealing,51.5314772740001,-0.301144270999941
15,Ealing,51.53812135,-0.280973173999939
15,Ealing,51.5327869810001,-0.277484056999924
15,Ealing,51.5311615360001,-0.287798852999913
15,Ealing,51.5284449920001,-0.282743964999952
15,Ealing,51.529233521,-0.267430960999945
15,Ealing,51.5348315250001,-0.256216020999943
15,Ealing,51.5322931910001,-0.244800733999909
15,Ealing,51.5241130910001,-0.25112005099993
15,Ealing,51.506233018,-0.243493954999906
15,Ealing,51.5041490150001,-0.244119007999927
15,Ealing,51.503794025,-0.253479775999949
15,Ealing,51.50088974,-0.251492403999919
15,Ealing,51.4944035540001,-0.253844621999917
15,Ealing,51.4936700540001,-0.268430034999938
15,Ealing,51.5022860600001,-0.279142040999943
15,Ealing,51.4995804790001,-0.296999786999947
15,Ealing,51.4944184930001,-0.296057601999962
15,Ealing,51.4957011690001,-0.304306529999906
15,Ealing,51.491496935,-0.310412965999944
15,Ealing,51.4953964640001,-0.314302082999916
15,Ealing,51.495531987,-0.340532112999938
15,Ealing,51.498610021,-0.348958012999958
15,Ealing,51.490827886,-0.371273992999932
15,Ealing,51.496124335,-0.376077351999925
15,Ealing,51.4941800430001,-0.38552793599996
15,Ealing,51.4991869780001,-0.405331731999922
15,Ealing,51.5066319760001,-0.391828235999924
15,Ealing,51.528286038,-0.374584846999937
15,Ealing,51.533625032,-0.410282963999919
15,Ealing,51.539777052,-0.417950065999946
15,Ealing,51.542096987,-0.393729933999907
15,Ealing,51.547462022,-0.397151981999912
15,Ealing,51.5544434280001,-0.376315061999946
15,Ealing,51.552559978,-0.374280907999946
15,Ealing,51.559182981,-0.345973263999952
15,Ealing,51.5560819040001,-0.333999969999923
15,Ealing,51.5550772770001,-0.32819461899993
15,Ealing,51.5486520250001,-0.311012929999947
15,Ealing,51.5428209720001,-0.306942359999937
16,Hammersmith and Fulham,51.4781256670001,-0.183827071999929
16,Hammersmith and Fulham,51.477041065,-0.176217921999921
16,Hammersmith and Fulham,51.467013024,-0.18129670299993
16,Hammersmith and Fulham,51.4637619820001,-0.18881132599995
16,Hammersmith and Fulham,51.464466954,-0.204557720999958
16,Hammersmith and Fulham,51.4718450280001,-0.220141148999915
16,Hammersmith and Fulham,51.48772089,-0.228845084999932
16,Hammersmith and Fulham,51.4874070070001,-0.241851081999926
16,Hammersmith and Fulham,51.49743592,-0.242887105999955
16,Hammersmith and Fulham,51.4964369960001,-0.247736101999919
16,Hammersmith and Fulham,51.50088974,-0.251492403999919
16,Hammersmith and Fulham,51.503794025,-0.253479775999949
16,Hammersmith and Fulham,51.5041490150001,-0.244119007999927
16,Hammersmith and Fulham,51.506233018,-0.243493954999906
16,Hammersmith and Fulham,51.5241130910001,-0.25112005099993
16,Hammersmith and Fulham,51.5322931910001,-0.244800733999909
16,Hammersmith and Fulham,51.5298469570001,-0.226907225999923
16,Hammersmith and Fulham,51.520589951,-0.226705970999944
16,Hammersmith and Fulham,51.5086100010001,-0.214206974999911
16,Hammersmith and Fulham,51.5002250210001,-0.212557973999935
16,Hammersmith and Fulham,51.4781256670001,-0.183827071999929
17,Brent,51.5550772770001,-0.32819461899993
17,Brent,51.5560819040001,-0.333999969999923
17,Brent,51.562008919,-0.326664910999909
17,Brent,51.5665860400001,-0.328160855999954
17,Brent,51.5691539460001,-0.320567830999948
17,Brent,51.578273057,-0.325086011999929
17,Brent,51.5865549110001,-0.30325714099996
17,Brent,51.5846008970001,-0.28084292199992
17,Brent,51.5905089600001,-0.283062149999921
17,Brent,51.5930726160001,-0.288835313999925
17,Brent,51.5998719020001,-0.265561163999962
17,Brent,51.5838640010001,-0.246689961999948
17,Brent,51.5809630320001,-0.252800760999946
17,Brent,51.569858965,-0.24969176399992
17,Brent,51.5679189570001,-0.245760779999955
17,Brent,51.571696004,-0.244396751999943
17,Brent,51.5714780220001,-0.231845172999954
17,Brent,51.5572120800001,-0.215023552999924
17,Brent,51.554646038,-0.211864143999946
17,Brent,51.5357829880001,-0.189883101999953
17,Brent,51.5271460020001,-0.194969285999946
17,Brent,51.532475,-0.203422972999931
17,Brent,51.5308579900001,-0.213671160999922
17,Brent,51.527421023,-0.214432901999942
17,Brent,51.5298469570001,-0.226907225999923
17,Brent,51.5322931910001,-0.244800733999909
17,Brent,51.5348315250001,-0.256216020999943
17,Brent,51.529233521,-0.267430960999945
17,Brent,51.5284449920001,-0.282743964999952
17,Brent,51.5311615360001,-0.287798852999913
17,Brent,51.5327869810001,-0.277484056999924
17,Brent,51.53812135,-0.280973173999939
17,Brent,51.5314772740001,-0.301144270999941
17,Brent,51.5325609930001,-0.305916028999945
17,Brent,51.5393531030001,-0.303147634999959
17,Brent,51.5428209720001,-0.306942359999937
17,Brent,51.5486520250001,-0.311012929999947
17,Brent,51.5550772770001,-0.32819461899993
18,Harrow,51.602410622,-0.400997375999907
18,Harrow,51.612686647,-0.402492472999938
18,Harrow,51.6176906630001,-0.374279249999915
18,Harrow,51.624741724,-0.35820623199993
18,Harrow,51.6289760350001,-0.336719950999907
18,Harrow,51.6400398310001,-0.315106099999923
18,Harrow,51.635854613,-0.302891318999912
18,Harrow,51.6309709550001,-0.30236191399996
18,Harrow,51.5998719020001,-0.265561163999962
18,Harrow,51.5930726160001,-0.288835313999925
18,Harrow,51.5905089600001,-0.283062149999921
18,Harrow,51.5846008970001,-0.28084292199992
18,Harrow,51.5865549110001,-0.30325714099996
18,Harrow,51.578273057,-0.325086011999929
18,Harrow,51.5691539460001,-0.320567830999948
18,Harrow,51.5665860400001,-0.328160855999954
18,Harrow,51.562008919,-0.326664910999909
18,Harrow,51.5560819040001,-0.333999969999923
18,Harrow,51.559182981,-0.345973263999952
18,Harrow,51.552559978,-0.374280907999946
18,Harrow,51.5544434280001,-0.376315061999946
18,Harrow,51.587831898,-0.390455157999952
18,Harrow,51.602410622,-0.400997375999907
19,Barnet,51.5572120800001,-0.215023552999924
19,Barnet,51.5714780220001,-0.231845172999954
19,Barnet,51.571696004,-0.244396751999943
19,Barnet,51.5679189570001,-0.245760779999955
19,Barnet,51.569858965,-0.24969176399992
19,Barnet,51.5809630320001,-0.252800760999946
19,Barnet,51.5838640010001,-0.246689961999948
19,Barnet,51.5998719020001,-0.265561163999962
19,Barnet,51.6309709550001,-0.30236191399996
19,Barnet,51.635854613,-0.302891318999912
19,Barnet,51.638177817,-0.272142162999955
19,Barnet,51.6415686600001,-0.271252587999925
19,Barnet,51.644317088,-0.261632462999955
19,Barnet,51.6413359860001,-0.255759726999941
19,Barnet,51.655562575,-0.24900888499991
19,Barnet,51.659480595,-0.227342631999932
19,Barnet,51.656667095,-0.224885942999947
19,Barnet,51.6608423070001,-0.210588941999958
19,Barnet,51.6623663490001,-0.20628548499991
19,Barnet,51.6664605590001,-0.209555851999937
19,Barnet,51.667311155,-0.20064994899991
19,Barnet,51.6696323180001,-0.201772873999914
19,Barnet,51.6678112430001,-0.193272194999906
19,Barnet,51.665003744,-0.195068719999938
19,Barnet,51.6634537890001,-0.18942710999994
19,Barnet,51.6681099730001,-0.180503134999924
19,Barnet,51.6623410080001,-0.184285376999924
19,Barnet,51.6550380640001,-0.153178292999939
19,Barnet,51.6448669910001,-0.150142247999952
19,Barnet,51.6317719510001,-0.12755107299995
19,Barnet,51.6212899990001,-0.133789897999918
19,Barnet,51.6149859860001,-0.142929263999918
19,Barnet,51.6096939710001,-0.137177939999958
19,Barnet,51.6083469480001,-0.141841609999915
19,Barnet,51.599627082,-0.142887195999947
19,Barnet,51.596947459,-0.149772651999911
19,Barnet,51.6048439680001,-0.15478913499993
19,Barnet,51.596977026,-0.160180211999943
19,Barnet,51.5857019480001,-0.155570299999908
19,Barnet,51.5815090240001,-0.164577635999933
19,Barnet,51.5719279990001,-0.169680865999908
19,Barnet,51.565010967,-0.187651862999928
19,Barnet,51.555687946,-0.197809568999958
19,Barnet,51.554646038,-0.211864143999946
19,Barnet,51.5572120800001,-0.215023552999924
20,Islington,51.5464679550001,-0.0748033529999361
20,Islington,51.5460960340001,-0.0822268459999123
20,Islington,51.5367479240001,-0.0850057149999088
20,Islington,51.5324730350001,-0.0954233729999601
20,Islington,51.5302779660001,-0.0939135489999217
20,Islington,51.525694016,-0.0834087639999552
20,Islington,51.5198242800001,-0.0836065879999524
20,Islington,51.522742893,-0.0951680689999534
20,Islington,51.518033082,-0.10373637999993
20,Islington,51.5293639610001,-0.114445649999936
20,Islington,51.530218016,-0.120948583999962
20,Islington,51.551144025,-0.129637094999907
20,Islington,51.5597136430001,-0.139330620999942
20,Islington,51.568617051,-0.140807795999933
20,Islington,51.5750290620001,-0.117975860999934
20,Islington,51.5642053620001,-0.102897995999911
20,Islington,51.559716924,-0.0900909369999567
20,Islington,51.55364395,-0.0887918029999355
20,Islington,51.5511870220001,-0.0778950099999065
20,Islington,51.5464679550001,-0.0748033529999361
21,Hackney,51.5302779660001,-0.0939135489999217
21,Hackney,51.5324730350001,-0.0954233729999601
21,Hackney,51.5367479240001,-0.0850057149999088
21,Hackney,51.5460960340001,-0.0822268459999123
21,Hackney,51.5464679550001,-0.0748033529999361
21,Hackney,51.5511870220001,-0.0778950099999065
21,Hackney,51.55364395,-0.0887918029999355
21,Hackney,51.559716924,-0.0900909369999567
21,Hackney,51.5642053620001,-0.102897995999911
21,Hackney,51.5701950330001,-0.0945026739999548
21,Hackney,51.573104915,-0.0962374029999182
21,Hackney,51.577281037,-0.0595686369999271
21,Hackney,51.56206495,-0.0454858869999271
21,Hackney,51.560260977,-0.026161775999924
21,Hackney,51.5512009290001,-0.0155703989999552
21,Hackney,51.5427709640001,-0.0148834259999262
21,Hackney,51.541777042,-0.0274702669999556
21,Hackney,51.544127302,-0.0316596899999126
21,Hackney,51.5352990010001,-0.0432448199999271
21,Hackney,51.5350080030001,-0.0608553459999257
21,Hackney,51.5307181970001,-0.0646985909999103
21,Hackney,51.5292830860001,-0.0730358189999265
21,Hackney,51.5210001930001,-0.0768589979999206
21,Hackney,51.5198242800001,-0.0836065879999524
21,Hackney,51.525694016,-0.0834087639999552
21,Hackney,51.5302779660001,-0.0939135489999217
22,Newham,51.5439050000001,0.069956611000066
22,Newham,51.5287440750001,0.0744398010000396
22,Newham,51.525230041,0.0941427430000772
22,Newham,51.5113850130001,0.101338767000072
22,Newham,51.5100490310001,0.09148884800004
22,Newham,51.4988770100001,0.0784560640000791
22,Newham,51.496016022,0.0679956680000942
22,Newham,51.4954330450001,0.0266499670000826
22,Newham,51.5049970050001,0.00922028000007913
22,Newham,51.5132299370001,0.00903936500009195
22,Newham,51.510190069,0.00400423200005662
22,Newham,51.5145279540001,0.00551897600007578
22,Newham,51.516242047,-0.00406559599991851
22,Newham,51.5233687,-0.00648410599995941
22,Newham,51.5363519480001,-0.0196009609999237
22,Newham,51.5427709640001,-0.0148834259999262
22,Newham,51.5512009290001,-0.0155703989999552
22,Newham,51.5501400270001,0.00740155300007928
22,Newham,51.5557589900001,0.021964763000085
22,Newham,51.5535550500001,0.0269678230000636
22,Newham,51.5543280190001,0.047765603000073
22,Newham,51.5609439090001,0.0435573200000476
22,Newham,51.5634819650001,0.0519458880000911
22,Newham,51.5551520280001,0.0674276150000424
22,Newham,51.5439050000001,0.069956611000066
23,Barking and Dagenham,51.536093222,0.174857968000083
23,Barking and Dagenham,51.5265460100001,0.166083368000045
23,Barking and Dagenham,51.5082480010001,0.159585149000065
23,Barking and Dagenham,51.5146930510001,0.134330686000055
23,Barking and Dagenham,51.51307103,0.119930624000062
23,Barking and Dagenham,51.5113850130001,0.101338767000072
23,Barking and Dagenham,51.525230041,0.0941427430000772
23,Barking and Dagenham,51.5287440750001,0.0744398010000396
23,Barking and Dagenham,51.5439050000001,0.069956611000066
23,Barking and Dagenham,51.543575993,0.0795714080000494
23,Barking and Dagenham,51.5490959970001,0.0941712550000489
23,Barking and Dagenham,51.545282951,0.0950978000000759
23,Barking and Dagenham,51.5521000430001,0.11349393800009
23,Barking and Dagenham,51.5568090470001,0.114964827000051
23,Barking and Dagenham,51.558033026,0.122124966000058
23,Barking and Dagenham,51.562489902,0.12081014000006
23,Barking and Dagenham,51.5674831370001,0.131350000000054
23,Barking and Dagenham,51.5757870200001,0.130872769000064
23,Barking and Dagenham,51.5794560350001,0.135156713000072
23,Barking and Dagenham,51.581131456,0.129277763000061
23,Barking and Dagenham,51.5861990690001,0.128036700000052
23,Barking and Dagenham,51.5985439940001,0.149777768000092
23,Barking and Dagenham,51.5886189880001,0.152839246000042
23,Barking and Dagenham,51.5682610790001,0.148399067000071
23,Barking and Dagenham,51.5610909870001,0.163494363000041
23,Barking and Dagenham,51.565013052,0.186781668000094
23,Barking and Dagenham,51.5608020780001,0.184262757000056
23,Barking and Dagenham,51.5518470270001,0.191695315000061
23,Barking and Dagenham,51.536093222,0.174857968000083
24,Haringey,51.5815090240001,-0.164577635999933
24,Haringey,51.5857019480001,-0.155570299999908
24,Haringey,51.596977026,-0.160180211999943
24,Haringey,51.6048439680001,-0.15478913499993
24,Haringey,51.596947459,-0.149772651999911
24,Haringey,51.599627082,-0.142887195999947
24,Haringey,51.6083469480001,-0.141841609999915
24,Haringey,51.6096939710001,-0.137177939999958
24,Haringey,51.6083630790001,-0.0527617769999438
24,Haringey,51.6051303420001,-0.0398308959999554
24,Haringey,51.577281037,-0.0595686369999271
24,Haringey,51.573104915,-0.0962374029999182
24,Haringey,51.5701950330001,-0.0945026739999548
24,Haringey,51.5642053620001,-0.102897995999911
24,Haringey,51.5750290620001,-0.117975860999934
24,Haringey,51.568617051,-0.140807795999933
24,Haringey,51.5719279990001,-0.169680865999908
24,Haringey,51.5815090240001,-0.164577635999933
25,Enfield,51.6213668670001,-0.0242678069999442
25,Enfield,51.612934995,-0.0335529579999161
25,Enfield,51.6085010640001,-0.0326739179999436
25,Enfield,51.6051303420001,-0.0398308959999554
25,Enfield,51.6083630790001,-0.0527617769999438
25,Enfield,51.6096939710001,-0.137177939999958
25,Enfield,51.6149859860001,-0.142929263999918
25,Enfield,51.6212899990001,-0.133789897999918
25,Enfield,51.6317719510001,-0.12755107299995
25,Enfield,51.6448669910001,-0.150142247999952
25,Enfield,51.6550380640001,-0.153178292999939
25,Enfield,51.6623410080001,-0.184285376999924
25,Enfield,51.6681099730001,-0.180503134999924
25,Enfield,51.6735269700001,-0.169991718999938
25,Enfield,51.6819100390001,-0.162023065999961
25,Enfield,51.6876226360001,-0.16190830599993
25,Enfield,51.685025227,-0.147783912999955
25,Enfield,51.6913582880001,-0.103257612999926
25,Enfield,51.6894722260001,-0.0823180609999099
25,Enfield,51.68251417,-0.0604231999999456
25,Enfield,51.6803749640001,-0.0094647769999483
25,Enfield,51.6457336860001,-0.0106599519999122
25,Enfield,51.6213668670001,-0.0242678069999442
26,Waltham Forest,51.594930709,0.0140595350000581
26,Waltham Forest,51.5694190200001,0.0207146270000749
26,Waltham Forest,51.5608169820001,0.0158141490000503
26,Waltham Forest,51.5557589900001,0.021964763000085
26,Waltham Forest,51.5501400270001,0.00740155300007928
26,Waltham Forest,51.5512009290001,-0.0155703989999552
26,Waltham Forest,51.560260977,-0.026161775999924
26,Waltham Forest,51.56206495,-0.0454858869999271
26,Waltham Forest,51.577281037,-0.0595686369999271
26,Waltham Forest,51.6051303420001,-0.0398308959999554
26,Waltham Forest,51.6085010640001,-0.0326739179999436
26,Waltham Forest,51.612934995,-0.0335529579999161
26,Waltham Forest,51.6213668670001,-0.0242678069999442
26,Waltham Forest,51.6457336860001,-0.0106599519999122
26,Waltham Forest,51.6411804200001,0.00302599300005113
26,Waltham Forest,51.6406166850001,0.0243224770000552
26,Waltham Forest,51.634065879,0.0273412460000486
26,Waltham Forest,51.6283326480001,0.0234214340000563
26,Waltham Forest,51.6184019350001,0.0161269690000836
26,Waltham Forest,51.618581035,0.0104046640000774
26,Waltham Forest,51.611534942,0.0229919960000871
26,Waltham Forest,51.594930709,0.0140595350000581
27,Redbridge,51.5674831370001,0.131350000000054
27,Redbridge,51.562489902,0.12081014000006
27,Redbridge,51.558033026,0.122124966000058
27,Redbridge,51.5568090470001,0.114964827000051
27,Redbridge,51.5521000430001,0.11349393800009
27,Redbridge,51.545282951,0.0950978000000759
27,Redbridge,51.5490959970001,0.0941712550000489
27,Redbridge,51.543575993,0.0795714080000494
27,Redbridge,51.5439050000001,0.069956611000066
27,Redbridge,51.5551520280001,0.0674276150000424
27,Redbridge,51.5634819650001,0.0519458880000911
27,Redbridge,51.5609439090001,0.0435573200000476
27,Redbridge,51.5543280190001,0.047765603000073
27,Redbridge,51.5535550500001,0.0269678230000636
27,Redbridge,51.5557589900001,0.021964763000085
27,Redbridge,51.5608169820001,0.0158141490000503
27,Redbridge,51.5694190200001,0.0207146270000749
27,Redbridge,51.594930709,0.0140595350000581
27,Redbridge,51.611534942,0.0229919960000871
27,Redbridge,51.618581035,0.0104046640000774
27,Redbridge,51.6184019350001,0.0161269690000836
27,Redbridge,51.6283326480001,0.0234214340000563
27,Redbridge,51.6151739620001,0.0425057980000929
27,Redbridge,51.6177787490001,0.05531502000008
27,Redbridge,51.6127112190001,0.049818895000044
27,Redbridge,51.6041835840001,0.0744388550000394
27,Redbridge,51.6065436520001,0.0807771510000634
27,Redbridge,51.6043493880001,0.0905306460000475
27,Redbridge,51.610280399,0.0964340530000527
27,Redbridge,51.6130709130001,0.0938939490000621
27,Redbridge,51.614864573,0.120919118000074
27,Redbridge,51.623041298,0.139798554000038
27,Redbridge,51.611807028,0.149087253000062
27,Redbridge,51.5985439940001,0.149777768000092
27,Redbridge,51.5861990690001,0.128036700000052
27,Redbridge,51.581131456,0.129277763000061
27,Redbridge,51.5794560350001,0.135156713000072
27,Redbridge,51.5757870200001,0.130872769000064
27,Redbridge,51.5674831370001,0.131350000000054
28,Bexley,51.4630949370001,0.0842573040000616
28,Bexley,51.4681679860001,0.0864568430000645
28,Bexley,51.474930939,0.0999084070000436
28,Bexley,51.475489914,0.109928451000087
28,Bexley,51.4725550040001,0.113607597000055
28,Bexley,51.478378939,0.120123442000079
28,Bexley,51.4763050510001,0.125792833000048
28,Bexley,51.51307103,0.119930624000062
28,Bexley,51.5146930510001,0.134330686000055
28,Bexley,51.5082480010001,0.159585149000065
28,Bexley,51.503139015,0.174223168000083
28,Bexley,51.485008028,0.18645594700007
28,Bexley,51.485358186,0.211950121000086
28,Bexley,51.481753149,0.225321381000072
28,Bexley,51.4705869640001,0.210485646000052
28,Bexley,51.4619599850001,0.212228393000089
28,Bexley,51.4520735350001,0.201848168000083
28,Bexley,51.4511784780001,0.194633713000087
28,Bexley,51.4441288140001,0.185874087000059
28,Bexley,51.4427219880001,0.174465807000047
28,Bexley,51.4280604300001,0.165937220000046
28,Bexley,51.4303530210001,0.157483734000039
28,Bexley,51.4199055220001,0.152766893000091
28,Bexley,51.417954566,0.156241630000068
28,Bexley,51.4119100070001,0.150766862000069
28,Bexley,51.4107399270001,0.155378947000088
28,Bexley,51.4079837,0.150436957000068
28,Bexley,51.4143730340001,0.131190924000066
28,Bexley,51.4135979150001,0.109226234000062
28,Bexley,51.431508003,0.0769458780000605
28,Bexley,51.442766067,0.0844377790000408
28,Bexley,51.4427250350001,0.0890071910000643
28,Bexley,51.45593596,0.0873277070000427
28,Bexley,51.458742998,0.0802635540000551
28,Bexley,51.459315056,0.0845052750000832
28,Bexley,51.4630949370001,0.0842573040000616
29,Kensington and Chelsea,51.5140434530001,-0.19761083599991
29,Kensington and Chelsea,51.5096699800001,-0.186335222999958
29,Kensington and Chelsea,51.497267955,-0.177970774999949
29,Kensington and Chelsea,51.4981859370001,-0.163903905999916
29,Kensington and Chelsea,51.5017385040001,-0.156870688999959
29,Kensington and Chelsea,51.489092993,-0.154270856999915
29,Kensington and Chelsea,51.4840461110001,-0.148241090999932
29,Kensington and Chelsea,51.4811730420001,-0.169329259999927
29,Kensington and Chelsea,51.477041065,-0.176217921999921
29,Kensington and Chelsea,51.4781256670001,-0.183827071999929
29,Kensington and Chelsea,51.5002250210001,-0.212557973999935
29,Kensington and Chelsea,51.5086100010001,-0.214206974999911
29,Kensington and Chelsea,51.520589951,-0.226705970999944
29,Kensington and Chelsea,51.5298469570001,-0.226907225999923
29,Kensington and Chelsea,51.527421023,-0.214432901999942
29,Kensington and Chelsea,51.5222360810001,-0.19998581099992
29,Kensington and Chelsea,51.5140434530001,-0.19761083599991
30,Westminster,51.534069818,-0.18723248699996
30,Westminster,51.539277961,-0.177163021999945
30,Westminster,51.5352729890001,-0.163358352999921
30,Westminster,51.537013055,-0.151128417999928
30,Westminster,51.5245329890001,-0.145591360999958
30,Westminster,51.516590965,-0.129230561999918
30,Westminster,51.5129700730001,-0.12767989799994
30,Westminster,51.5147130730001,-0.109944537999922
30,Westminster,51.5092323690001,-0.109851617999936
30,Westminster,51.505500053,-0.118942098999923
30,Westminster,51.4907820280001,-0.122334886999909
30,Westminster,51.4853898100001,-0.127959243999953
30,Westminster,51.4840461110001,-0.148241090999932
30,Westminster,51.489092993,-0.154270856999915
30,Westminster,51.5017385040001,-0.156870688999959
30,Westminster,51.4981859370001,-0.163903905999916
30,Westminster,51.497267955,-0.177970774999949
30,Westminster,51.5096699800001,-0.186335222999958
30,Westminster,51.5140434530001,-0.19761083599991
30,Westminster,51.5222360810001,-0.19998581099992
30,Westminster,51.527421023,-0.214432901999942
30,Westminster,51.5308579900001,-0.213671160999922
30,Westminster,51.532475,-0.203422972999931
30,Westminster,51.5271460020001,-0.194969285999946
30,Westminster,51.5357829880001,-0.189883101999953
30,Westminster,51.534069818,-0.18723248699996
31,Camden,51.551144025,-0.129637094999907
31,Camden,51.530218016,-0.120948583999962
31,Camden,51.5293639610001,-0.114445649999936
31,Camden,51.518033082,-0.10373637999993
31,Camden,51.5177226110001,-0.111359709999931
31,Camden,51.5147130730001,-0.109944537999922
31,Camden,51.5129700730001,-0.12767989799994
31,Camden,51.516590965,-0.129230561999918
31,Camden,51.5245329890001,-0.145591360999958
31,Camden,51.537013055,-0.151128417999928
31,Camden,51.5352729890001,-0.163358352999921
31,Camden,51.539277961,-0.177163021999945
31,Camden,51.534069818,-0.18723248699996
31,Camden,51.5357829880001,-0.189883101999953
31,Camden,51.554646038,-0.211864143999946
31,Camden,51.555687946,-0.197809568999958
31,Camden,51.565010967,-0.187651862999928
31,Camden,51.5719279990001,-0.169680865999908
31,Camden,51.568617051,-0.140807795999933
31,Camden,51.5597136430001,-0.139330620999942
31,Camden,51.551144025,-0.129637094999907
32,Tower Hamlets,51.5233687,-0.00648410599995941
32,Tower Hamlets,51.516242047,-0.00406559599991851
32,Tower Hamlets,51.5145279540001,0.00551897600007578
32,Tower Hamlets,51.510190069,0.00400423200005662
32,Tower Hamlets,51.5132299370001,0.00903936500009195
32,Tower Hamlets,51.5049970050001,0.00922028000007913
32,Tower Hamlets,51.505940094,0.00209641000009242
32,Tower Hamlets,51.502324947,-0.00285091599994303
32,Tower Hamlets,51.490875078,0.00120389200009186
32,Tower Hamlets,51.4866289270001,-0.00133469899992633
32,Tower Hamlets,51.4840479950001,-0.0115571039999622
32,Tower Hamlets,51.486306981,-0.0219001559999583
32,Tower Hamlets,51.4930490300001,-0.0283321399999181
32,Tower Hamlets,51.5063689550001,-0.030588125999941
32,Tower Hamlets,51.5079680460001,-0.0417337769999335
32,Tower Hamlets,51.5033033760001,-0.0514058829999158
32,Tower Hamlets,51.5012000470001,-0.0592910159999178
32,Tower Hamlets,51.506336918,-0.0785898799999245
32,Tower Hamlets,51.5097154050001,-0.0711070779999545
32,Tower Hamlets,51.5210001930001,-0.0768589979999206
32,Tower Hamlets,51.5292830860001,-0.0730358189999265
32,Tower Hamlets,51.5307181970001,-0.0646985909999103
32,Tower Hamlets,51.5350080030001,-0.0608553459999257
32,Tower Hamlets,51.5352990010001,-0.0432448199999271
32,Tower Hamlets,51.544127302,-0.0316596899999126
32,Tower Hamlets,51.541777042,-0.0274702669999556
32,Tower Hamlets,51.5427709640001,-0.0148834259999262
32,Tower Hamlets,51.5363519480001,-0.0196009609999237
32,Tower Hamlets,51.5233687,-0.00648410599995941
33,City of London,51.5177226110001,-0.111359709999931
33,City of London,51.518033082,-0.10373637999993
33,City of London,51.522742893,-0.0951680689999534
33,City of London,51.5198242800001,-0.0836065879999524
33,City of London,51.5210001930001,-0.0768589979999206
33,City of London,51.5097154050001,-0.0711070779999545
33,City of London,51.506336918,-0.0785898799999245
33,City of London,51.5093150880001,-0.107548458999929
33,City of London,51.5092323690001,-0.109851617999936
33,City of London,51.5147130730001,-0.109944537999922
33,City of London,51.5177226110001,-0.111359709999931
